,fillWithMean,fillWithMiddle,nNull,fillWithKNN
random_forest,0.004341406560777376,0.0040770163084051445,0.009015019815196226,0.00387708487001715
decision_tree,0.01337899810036276,0.007326507961330856,0.015065208977825569,0.008412614635345107
svm,0.007456767295104399,0.007563329419282565,0.011242086343128135,0.006489405509939784
extra_tree,0.01032541414810998,0.007447004301575744,0.01942113233227617,0.014175910101314746
lightGBM,0.004167697891237548,0.004437309083478049,0.008985076707794701,0.004331791178293312
adaboost,0.01746842443326815,0.015070553773368002,0.016123936361344272,0.010878630575702371
gradient_boost,0.0040154769506471006,0.003871330333262906,0.009276554688271706,0.004026887075927773
LR,0.004202525169697599,0.004210179840549989,0.009549821730366802,0.004058952250826796
KNN,0.010560973157736,0.010650447371066652,0.015567671215955727,0.007177038303005931
