,fillWithMean,fillWithMiddle,nNull,fillWithKNN
random_forest,0.15948887462720496,0.2106757297277304,0.3516846392339287,0.2493831384728824
decision_tree,-1.5902196885432485,-0.4184369432860213,-0.08341485583996433,-0.6287109017533341
svm,-0.4436555948192484,-0.46428638570722947,0.191525097812578,-0.25637105205443644
extra_tree,-0.9990354149218628,-0.441765445955534,-0.3966711857095538,-1.744504571418466
lightGBM,0.1931194658372087,0.140921818961541,0.3538379985027297,0.16135044548895894
adaboost,-2.381946581908421,-1.9177106393317385,-0.15955326037700468,-1.106140003174739
gradient_boost,0.22258995939496307,0.25049723642606814,0.3328763527224533,0.22038092020316136
LR,0.18637678587800025,0.18489481547913755,0.3132243470016536,0.21417299291914593
KNN,-1.044640443039067,-1.0619629560738575,-0.11954943944182972,-0.3894991073637219
