,fillWithMiddle,nNull,fillWithMean,fillWithKNN
decision_tree,0.7536945812807881,0.7216494845360825,0.7635467980295566,0.7438423645320197
LR,0.7684729064039408,0.8144329896907216,0.7733990147783252,0.7980295566502463
lightGBM,0.7783251231527094,0.845360824742268,0.8029556650246306,0.7733990147783252
gradient_boost,0.7931034482758621,0.845360824742268,0.7980295566502463,0.7733990147783252
adaboost,0.7536945812807881,0.8556701030927835,0.7931034482758621,0.7783251231527094
extra_tree,0.7733990147783252,0.8144329896907216,0.7635467980295566,0.7684729064039408
KNN,0.7339901477832512,0.711340206185567,0.7339901477832512,0.7241379310344828
random_forest,0.8029556650246306,0.8350515463917526,0.7931034482758621,0.7931034482758621
svm,0.5566502463054187,0.7731958762886598,0.6305418719211823,0.6059113300492611
