,fillWithMiddle,nNull,fillWithMean,fillWithKNN
DT,0.7964920948616601,0.8212765957446809,0.8254940711462451,0.7894268774703557
LR,0.8430830039525692,0.8919148936170213,0.8457509881422925,0.8468379446640316
LGBM,0.8507905138339921,0.8880851063829787,0.8630434782608695,0.8619565217391304
GB,0.8442193675889327,0.8948936170212766,0.8470355731225296,0.8446146245059288
AdaB,0.84199604743083,0.9072340425531916,0.8562252964426877,0.8526185770750989
ET,0.8436758893280634,0.8442553191489361,0.8251976284584981,0.8320652173913043
KNN,0.8009387351778655,0.8072340425531915,0.8053853754940712,0.8032608695652175
RF,0.8525691699604744,0.9165957446808513,0.8590909090909091,0.857509881422925
SVM,0.7434782608695653,0.8736170212765958,0.7553359683794467,0.7739130434782608